Id,NameText
1,Jose
2,Antoniox
3,Juan
4,Francisco
5,Carlos
6,Manuel
7,Luis
8,Jorge
9,Miguel
10,Fernando
11,Marco
12,Rafael
13,Mario
14,Eduardo
15,Roberto
16,Enrique
17,Ricardo
18,Leonardo
19,Alfredo
20,Hugo
21,Andres
22,Ramon
23,Arnel
24,Angelo
25,Dante
26,Vincent
27,Gabriel
28,Oscar
29,Julian
30,Arnold
31,Rolando
32,Gerald
33,Mark
34,Ronald
35,Rodel
36,Mateo
37,Allan
38,Paolo
39,Samuel
40,Victor
41,Felipe
42,Edgar
43,Albert
44,Adrian
45,Danny
46,Christopher
47,Dennis
48,Raymond
49,Francis
50,Jason
51,Jessie
52,Roger
53,Noel
54,Joel
55,Gary
56,Warren
57,Gerardo
58,Gilbert
59,Frank
60,Roy
61,Cesar
62,Alex
63,Dominic
64,Renato
65,Nestor
66,Reynaldo
67,Benjamin
68,Jim
69,Rudy
70,Herbert
71,Larry
72,Ernesto
73,Tommy
74,Leonard
75,Martin
76,Wilfredo
77,Clifford
78,Edwin
79,Don
80,Rico
81,Jaime
82,Romeo
83,Cedric
84,Neil
85,Joaquin
86,Kim
87,Horacio
88,Elmer
89,Bert
90,Jon
91,Arturo
92,Feliciano
93,Erik
94,Fabian
95,Ruben
96,Sonny
97,Marcelo
98,Alvin
99,Seth
100,Ivan
101,Nico
